<?xml version="1.0" encoding="utf-8"?>
<ApplicationInstallerManifest>
   <DefaultInstallationDirectory>/Applications/sudokuOCR/</DefaultInstallationDirectory>
   <ApplicationName>sudokuOCR</ApplicationName>
   <ExecutableName>application/sudokuOCR.exe</ExecutableName>
   <GUID>658055f7-3bc0-4e77-9f86-a11df0980db7</GUID>
   <ApplicationIcon>default_icon_48.png</ApplicationIcon>
   <Logo>default_logo.png</Logo>
   <Version>1.0</Version>
   <InstallationNotes>In the following directions, replace MCR_ROOT by the directory where the MATLAB Runtime is installed on the target machine.

If the environment variable DYLD_LIBRARY_PATH is undefined, set it to the concatenation of the following strings:

    MCR_ROOT/v901/runtime/maci64:
    MCR_ROOT/v901/sys/os/maci64:
    MCR_ROOT/v901/bin/maci64

If it is defined, set it to the concatenation of these strings:

    ${LD_LIBRARY_PATH}: 
    MCR_ROOT/v901/runtime/maci64:
    MCR_ROOT/v901/sys/os/maci64:
    MCR_ROOT/v901/bin/maci64</InstallationNotes>
   <Summary>OCR for PVR study</Summary>
   <WelcomePanelText>sudokuOCR 1.0
OCR for PVR study
Pyzo
z.zhang12@umiami.edu</WelcomePanelText>
   <MCRProducts>
      <MCRProduct>
         <ExternalProductIdentifier>35000</ExternalProductIdentifier>
      </MCRProduct>
      <MCRProduct>
         <ExternalProductIdentifier>35010</ExternalProductIdentifier>
      </MCRProduct>
   </MCRProducts>
</ApplicationInstallerManifest>